id,first_name,last_name,email,gender,ip_address
4,Neddie,Jecock,njecock3@state.tx.us,Male,185.33.191.160
5,Federico,Boud,fboud4@about.com,Male,208.252.213.104
6,Tedie,Gladding,tgladding5@1688.com,Male,253.237.14.89
7,Basilius,Lydster,blydster6@columbia.edu,Male,30.225.103.51
8,Tiebold,Barnhill,tbarnhill7@narod.ru,Male,184.41.232.55
11,Mac,Dyers,mdyersa@deliciousdays.com,Male,189.246.73.64
12,Hillard,Younger,hyoungerb@studiopress.com,Male,40.118.53.252
15,Ezri,Leed,eleede@github.com,Male,4.3.41.26
18,Kristopher,Van Arsdall,kvanarsdallh@uol.com.br,Male,209.58.186.92
19,Silas,McArdle,smcardlei@furl.net,Male,247.39.251.92
20,Lonnard,Sowray,lsowrayj@omniture.com,Male,9.120.119.196
24,Porty,Airton,pairtonn@parallels.com,Male,135.143.100.126
25,Derron,Waterland,dwaterlando@vimeo.com,Male,229.155.234.233
26,Rob,Wenn,rwennp@blogtalkradio.com,Male,209.192.53.139
27,Tiebold,Rickards,trickardsq@tinypic.com,Male,184.123.176.68
30,Carly,Roadnight,croadnightt@google.nl,Male,197.69.237.102
31,Bryon,Cubbit,bcubbitu@sun.com,Male,93.216.127.0
32,Meyer,Leheude,mleheudev@adobe.com,Male,248.26.143.100
36,Griz,Mantrip,gmantripz@behance.net,Male,251.211.94.113
38,Berke,Burbridge,bburbridge11@blog.com,Male,15.78.94.70
39,Shepard,Pittendreigh,spittendreigh12@vimeo.com,Male,244.46.229.141
43,Arley,Paulino,apaulino16@earthlink.net,Male,219.205.243.187
45,Norrie,Bathoe,nbathoe18@flickr.com,Male,252.187.234.203
48,Stanton,Mathissen,smathissen1b@who.int,Male,244.135.137.87
50,Tomaso,Crosfield,tcrosfield1d@washington.edu,Male,181.91.198.132
51,Napoleon,Hammerman,nhammerman1e@cornell.edu,Male,237.53.51.119
52,Hillie,Audley,haudley1f@istockphoto.com,Male,7.17.148.187
54,Syman,Pfaff,spfaff1h@mail.ru,Male,46.169.64.67
55,Bartholomeo,Scapens,bscapens1i@dropbox.com,Male,26.224.200.176
57,Reginald,Whatham,rwhatham1k@toplist.cz,Male,191.162.108.146
64,Gabie,Hebden,ghebden1r@nba.com,Male,11.2.58.189
65,Archibald,Edinburgh,aedinburgh1s@webs.com,Male,43.180.129.158
68,Von,Light,vlight1v@furl.net,Male,193.252.97.168
69,Erny,Babber,ebabber1w@google.ru,Male,172.102.219.203
71,Tully,Stoffers,tstoffers1y@msu.edu,Male,252.115.220.156
73,Ellwood,Bonifant,ebonifant20@ameblo.jp,Male,247.221.39.220
74,Shawn,Batterson,sbatterson21@si.edu,Male,207.0.104.193
77,Chilton,Carrell,ccarrell24@t.co,Male,54.52.1.107
80,Marijn,Attridge,mattridge27@nytimes.com,Male,242.110.108.185
82,Erl,Lineker,elineker29@sohu.com,Male,201.61.202.232
85,Sutton,Jeffcoate,sjeffcoate2c@ameblo.jp,Male,170.222.172.7
87,Valle,Castanos,vcastanos2e@amazonaws.com,Male,233.16.95.48
89,Gardener,Doumerque,gdoumerque2g@infoseek.co.jp,Male,50.103.223.142
92,Shalom,Stilgo,sstilgo2j@sun.com,Male,171.14.148.175
94,Shepherd,MacBey,smacbey2l@unblog.fr,Male,237.20.201.87
96,Connor,Fearns,cfearns2n@google.de,Male,137.234.41.223
98,Matthew,Fidian,mfidian2p@weebly.com,Male,249.92.42.246
GR007,Gery,Royston,groyston2q@opera.com,Male,35.136.10.54
MR007,Muffin,Restall,mrestall2r@ifeng.com,Male,210.0.152.59
id,first_name,last_name,email,gender,ip_address
4,Neddie,Jecock,njecock3@state.tx.us,Male,185.33.191.160
5,Federico,Boud,fboud4@about.com,Male,208.252.213.104
6,Tedie,Gladding,tgladding5@1688.com,Male,253.237.14.89
7,Basilius,Lydster,blydster6@columbia.edu,Male,30.225.103.51
8,Tiebold,Barnhill,tbarnhill7@narod.ru,Male,184.41.232.55
11,Mac,Dyers,mdyersa@deliciousdays.com,Male,189.246.73.64
12,Hillard,Younger,hyoungerb@studiopress.com,Male,40.118.53.252
15,Ezri,Leed,eleede@github.com,Male,4.3.41.26
18,Kristopher,Van Arsdall,kvanarsdallh@uol.com.br,Male,209.58.186.92
19,Silas,McArdle,smcardlei@furl.net,Male,247.39.251.92
20,Lonnard,Sowray,lsowrayj@omniture.com,Male,9.120.119.196
24,Porty,Airton,pairtonn@parallels.com,Male,135.143.100.126
25,Derron,Waterland,dwaterlando@vimeo.com,Male,229.155.234.233
26,Rob,Wenn,rwennp@blogtalkradio.com,Male,209.192.53.139
27,Tiebold,Rickards,trickardsq@tinypic.com,Male,184.123.176.68
30,Carly,Roadnight,croadnightt@google.nl,Male,197.69.237.102
31,Bryon,Cubbit,bcubbitu@sun.com,Male,93.216.127.0
32,Meyer,Leheude,mleheudev@adobe.com,Male,248.26.143.100
36,Griz,Mantrip,gmantripz@behance.net,Male,251.211.94.113
38,Berke,Burbridge,bburbridge11@blog.com,Male,15.78.94.70
39,Shepard,Pittendreigh,spittendreigh12@vimeo.com,Male,244.46.229.141
43,Arley,Paulino,apaulino16@earthlink.net,Male,219.205.243.187
45,Norrie,Bathoe,nbathoe18@flickr.com,Male,252.187.234.203
48,Stanton,Mathissen,smathissen1b@who.int,Male,244.135.137.87
50,Tomaso,Crosfield,tcrosfield1d@washington.edu,Male,181.91.198.132
51,Napoleon,Hammerman,nhammerman1e@cornell.edu,Male,237.53.51.119
52,Hillie,Audley,haudley1f@istockphoto.com,Male,7.17.148.187
54,Syman,Pfaff,spfaff1h@mail.ru,Male,46.169.64.67
55,Bartholomeo,Scapens,bscapens1i@dropbox.com,Male,26.224.200.176
57,Reginald,Whatham,rwhatham1k@toplist.cz,Male,191.162.108.146
64,Gabie,Hebden,ghebden1r@nba.com,Male,11.2.58.189
65,Archibald,Edinburgh,aedinburgh1s@webs.com,Male,43.180.129.158
68,Von,Light,vlight1v@furl.net,Male,193.252.97.168
69,Erny,Babber,ebabber1w@google.ru,Male,172.102.219.203
71,Tully,Stoffers,tstoffers1y@msu.edu,Male,252.115.220.156
73,Ellwood,Bonifant,ebonifant20@ameblo.jp,Male,247.221.39.220
74,Shawn,Batterson,sbatterson21@si.edu,Male,207.0.104.193
77,Chilton,Carrell,ccarrell24@t.co,Male,54.52.1.107
80,Marijn,Attridge,mattridge27@nytimes.com,Male,242.110.108.185
82,Erl,Lineker,elineker29@sohu.com,Male,201.61.202.232
85,Sutton,Jeffcoate,sjeffcoate2c@ameblo.jp,Male,170.222.172.7
87,Valle,Castanos,vcastanos2e@amazonaws.com,Male,233.16.95.48
89,Gardener,Doumerque,gdoumerque2g@infoseek.co.jp,Male,50.103.223.142
92,Shalom,Stilgo,sstilgo2j@sun.com,Male,171.14.148.175
94,Shepherd,MacBey,smacbey2l@unblog.fr,Male,237.20.201.87
96,Connor,Fearns,cfearns2n@google.de,Male,137.234.41.223
98,Matthew,Fidian,mfidian2p@weebly.com,Male,249.92.42.246
GR007,Gery,Royston,groyston2q@opera.com,Male,35.136.10.54
MR007,Muffin,Restall,mrestall2r@ifeng.com,Male,210.0.152.59
id,first_name,last_name,email,gender,ip_address
4,Neddie,Jecock,njecock3@state.tx.us,Male,185.33.191.160
5,Federico,Boud,fboud4@about.com,Male,208.252.213.104
6,Tedie,Gladding,tgladding5@1688.com,Male,253.237.14.89
7,Basilius,Lydster,blydster6@columbia.edu,Male,30.225.103.51
8,Tiebold,Barnhill,tbarnhill7@narod.ru,Male,184.41.232.55
11,Mac,Dyers,mdyersa@deliciousdays.com,Male,189.246.73.64
12,Hillard,Younger,hyoungerb@studiopress.com,Male,40.118.53.252
15,Ezri,Leed,eleede@github.com,Male,4.3.41.26
18,Kristopher,Van Arsdall,kvanarsdallh@uol.com.br,Male,209.58.186.92
19,Silas,McArdle,smcardlei@furl.net,Male,247.39.251.92
20,Lonnard,Sowray,lsowrayj@omniture.com,Male,9.120.119.196
24,Porty,Airton,pairtonn@parallels.com,Male,135.143.100.126
25,Derron,Waterland,dwaterlando@vimeo.com,Male,229.155.234.233
26,Rob,Wenn,rwennp@blogtalkradio.com,Male,209.192.53.139
27,Tiebold,Rickards,trickardsq@tinypic.com,Male,184.123.176.68
30,Carly,Roadnight,croadnightt@google.nl,Male,197.69.237.102
31,Bryon,Cubbit,bcubbitu@sun.com,Male,93.216.127.0
32,Meyer,Leheude,mleheudev@adobe.com,Male,248.26.143.100
36,Griz,Mantrip,gmantripz@behance.net,Male,251.211.94.113
38,Berke,Burbridge,bburbridge11@blog.com,Male,15.78.94.70
39,Shepard,Pittendreigh,spittendreigh12@vimeo.com,Male,244.46.229.141
43,Arley,Paulino,apaulino16@earthlink.net,Male,219.205.243.187
45,Norrie,Bathoe,nbathoe18@flickr.com,Male,252.187.234.203
48,Stanton,Mathissen,smathissen1b@who.int,Male,244.135.137.87
50,Tomaso,Crosfield,tcrosfield1d@washington.edu,Male,181.91.198.132
51,Napoleon,Hammerman,nhammerman1e@cornell.edu,Male,237.53.51.119
52,Hillie,Audley,haudley1f@istockphoto.com,Male,7.17.148.187
54,Syman,Pfaff,spfaff1h@mail.ru,Male,46.169.64.67
55,Bartholomeo,Scapens,bscapens1i@dropbox.com,Male,26.224.200.176
57,Reginald,Whatham,rwhatham1k@toplist.cz,Male,191.162.108.146
64,Gabie,Hebden,ghebden1r@nba.com,Male,11.2.58.189
65,Archibald,Edinburgh,aedinburgh1s@webs.com,Male,43.180.129.158
68,Von,Light,vlight1v@furl.net,Male,193.252.97.168
69,Erny,Babber,ebabber1w@google.ru,Male,172.102.219.203
71,Tully,Stoffers,tstoffers1y@msu.edu,Male,252.115.220.156
73,Ellwood,Bonifant,ebonifant20@ameblo.jp,Male,247.221.39.220
74,Shawn,Batterson,sbatterson21@si.edu,Male,207.0.104.193
77,Chilton,Carrell,ccarrell24@t.co,Male,54.52.1.107
80,Marijn,Attridge,mattridge27@nytimes.com,Male,242.110.108.185
82,Erl,Lineker,elineker29@sohu.com,Male,201.61.202.232
85,Sutton,Jeffcoate,sjeffcoate2c@ameblo.jp,Male,170.222.172.7
87,Valle,Castanos,vcastanos2e@amazonaws.com,Male,233.16.95.48
89,Gardener,Doumerque,gdoumerque2g@infoseek.co.jp,Male,50.103.223.142
92,Shalom,Stilgo,sstilgo2j@sun.com,Male,171.14.148.175
94,Shepherd,MacBey,smacbey2l@unblog.fr,Male,237.20.201.87
96,Connor,Fearns,cfearns2n@google.de,Male,137.234.41.223
98,Matthew,Fidian,mfidian2p@weebly.com,Male,249.92.42.246
GR007,Gery,Royston,groyston2q@opera.com,Male,35.136.10.54
MR007,Muffin,Restall,mrestall2r@ifeng.com,Male,210.0.152.59
