id,first_name,last_name,user_name,email,gender,ip_address
SY006,Shara,Yashin,wlaroze0,syashin0@mtv.com,Genderqueer,170.194.228.216
2,Stevy,Soots,tkmicicki1,ssoots1@ft.com,Bigender,198.143.104.72
3,Clarette,Weatherill,gmoran2,cweatherill2@paginegialle.it,Female,92.63.226.4
4,Neddie,Jecock,hmendes3,njecock3@state.tx.us,Male,185.33.191.160
5,Federico,Boud,iborlease4,fboud4@about.com,Male,208.252.213.104
6,Tedie,Gladding,vfenty5,tgladding5@1688.com,Male,253.237.14.89
7,Basilius,Lydster,atheobalds6,blydster6@columbia.edu,Male,30.225.103.51
8,Tiebold,Barnhill,vsandbach7,tbarnhill7@narod.ru,Male,184.41.232.55
9,Kristy,Hills,astrangeways8,khills8@soup.io,Female,129.110.197.160
10,Blithe,Dadd,bolligan9,bdadd9@ibm.com,Female,112.194.171.126
11,Mac,Dyers,tfarfoota,mdyersa@deliciousdays.com,Male,189.246.73.64
12,Hillard,Younger,smarunchakb,hyoungerb@studiopress.com,Male,40.118.53.252
13,Yvonne,Attreed,nfellonc,yattreedc@github.com,Female,250.32.20.252
14,Cassaundra,Keays,edresseld,ckeaysd@rediff.com,Female,7.216.116.230
15,Ezri,Leed,pcorderye,eleede@github.com,Male,4.3.41.26
16,Stephine,Jillins,lfantf,sjillinsf@hp.com,Female,190.124.221.2
17,Queenie,Zukierman,ltibaldg,qzukiermang@stanford.edu,Female,199.157.166.149
18,Kristopher,Van Arsdall,nnorhenyh,kvanarsdallh@uol.com.br,Male,209.58.186.92
19,Silas,McArdle,ecornocki,smcardlei@furl.net,Male,247.39.251.92
20,Lonnard,Sowray,vyepiskovj,lsowrayj@omniture.com,Male,9.120.119.196
21,Maddi,Choldcroft,ctocherk,mcholdcroftk@csmonitor.com,Female,16.29.170.17
22,Kala,Boleyn,smolnarl,kboleynl@zimbio.com,Female,191.162.108.146
23,Terrijo,Jakubovits,ebowkerm,tjakubovitsm@hibu.com,Female,173.48.245.126
24,Porty,Airton,kbriggsn,pairtonn@parallels.com,Male,135.143.100.126
25,Derron,Waterland,inisbyo,dwaterlando@vimeo.com,Male,229.155.234.233
26,Rob,Wenn,mcawtep,rwennp@blogtalkradio.com,Male,209.192.53.139
27,Tiebold,Rickards,rmarvellq,trickardsq@tinypic.com,Male,184.123.176.68
28,Ethyl,Imms,mfloatr,eimmsr@icq.com,Female,4.154.105.153
29,Almira,Cluderay,dspensleys,acluderays@youtube.com,Genderqueer,238.183.233.178
30,Carly,Roadnight,nklichet,croadnightt@google.nl,Male,197.69.237.102
31,Bryon,Cubbit,tcordeu,bcubbitu@sun.com,Male,93.216.127.0
32,Meyer,Leheude,rmurfillv,mleheudev@adobe.com,Male,248.26.143.100
33,Jasmin,Noton,mlagdenw,jnotonw@google.com.au,Female,84.240.141.210
34,Brittan,Abdie,dcarlucciox,babdiex@mapy.cz,Female,252.84.112.57
35,Janie,Hanlon,bconeybeery,jhanlony@newsvine.com,Female,191.162.108.146
36,Griz,Mantrip,ymallingz,gmantripz@behance.net,Male,251.211.94.113
37,Othilia,Gulk,atowndrow10,ogulk10@drupal.org,Female,132.239.118.198
38,Berke,Burbridge,jyurshev11,bburbridge11@blog.com,Male,15.78.94.70
39,Shepard,Pittendreigh,dbarenski12,spittendreigh12@vimeo.com,Male,244.46.229.141
40,Elsinore,Wyley,rtaylor13,ewyley13@examiner.com,Female,188.53.141.16
41,Pearline,Serjeantson,agodlee14,pserjeantson14@mapquest.com,Female,146.170.132.122
42,Ken,Kynd,psworne15,kkynd15@flickr.com,Bigender,97.2.61.149
43,Arley,Paulino,garlidge16,apaulino16@earthlink.net,Male,219.205.243.187
44,Valli,Abriani,apadly17,vabriani17@usda.gov,Female,127.24.246.82
45,Norrie,Bathoe,bbonin18,nbathoe18@flickr.com,Male,252.187.234.203
46,Josey,Mapholm,cduran19,jmapholm19@shutterfly.com,Genderqueer,191.162.108.146
47,Ermina,Pavic,tshortcliffe1a,epavic1a@histats.com,Genderqueer,203.210.250.110
48,Stanton,Mathissen,rsaiens1b,smathissen1b@who.int,Male,244.135.137.87
49,Doralynn,Greatreax,gassad1c,dgreatreax1c@sina.com.cn,Female,228.49.237.96
50,Tomaso,Crosfield,mconnold1d,tcrosfield1d@washington.edu,Male,181.91.198.132
51,Napoleon,Hammerman,ibanbrigge1e,nhammerman1e@cornell.edu,Male,237.53.51.119
52,Hillie,Audley,rroney1f,haudley1f@istockphoto.com,Male,7.17.148.187
53,Corinne,Chumley,dcartan1g,cchumley1g@multiply.com,Female,48.229.75.114
54,Syman,Pfaff,ewheeldon1h,spfaff1h@mail.ru,Male,46.169.64.67
55,Bartholomeo,Scapens,jcanter1i,bscapens1i@dropbox.com,Male,26.224.200.176
56,Pavia,Olyfat,ecaffrey1j,polyfat1j@aol.com,Female,106.152.198.42
57,Reginald,Whatham,rcostello1k,rwhatham1k@toplist.cz,Male,191.162.108.146
58,Ana,Cokly,dbraime1l,acokly1l@linkedin.com,Female,208.252.229.126
59,Jillene,Wetton,ttweedie1m,jwetton1m@qq.com,Female,37.89.252.80
60,Merola,Davisson,kshalliker1n,mdavisson1n@chron.com,Female,101.185.71.171
61,Raf,Bowhay,kharryman1o,rbowhay1o@admin.ch,Female,180.153.234.25
62,Zonnya,Glaserman,tcauston1p,zglaserman1p@reuters.com,Female,60.218.183.1
63,Louise,Goldman,jwilkerson1q,lgoldman1q@hhs.gov,Female,48.188.65.41
64,Gabie,Hebden,irouth1r,ghebden1r@nba.com,Male,11.2.58.189
65,Archibald,Edinburgh,mendrici1s,aedinburgh1s@webs.com,Male,43.180.129.158
66,Jori,Geraldi,mwaything1t,jgeraldi1t@sphinn.com,Female,223.57.128.184
67,Orelle,Baskeyfield,jlegrice1u,obaskeyfield1u@newsvine.com,Female,14.145.251.158
68,Von,Light,tdanahar1v,vlight1v@furl.net,Male,193.252.97.168
69,Erny,Babber,ishynn1w,ebabber1w@google.ru,Male,172.102.219.203
70,Devi,Bodker,dbilbery1x,dbodker1x@t-online.de,Female,90.94.141.218
71,Tully,Stoffers,palcide1y,tstoffers1y@msu.edu,Male,252.115.220.156
72,Esme,Denmead,jgunstone1z,edenmead1z@cloudflare.com,Female,9.39.205.161
73,Ellwood,Bonifant,cjacquot20,ebonifant20@ameblo.jp,Male,247.221.39.220
74,Shawn,Batterson,rlavarack21,sbatterson21@si.edu,Male,207.0.104.193
75,Eadith,Manicom,awalkden22,emanicom22@deviantart.com,Female,164.73.163.22
76,Erinna,Baddow,aokroy23,ebaddow23@google.cn,Female,97.191.169.158
77,Chilton,Carrell,wbeagrie24,ccarrell24@t.co,Male,54.52.1.107
78,Angelina,Humphrys,isimek25,ahumphrys25@who.int,Female,14.234.210.179
79,Essa,Rapps,gaulsford26,erapps26@marketwatch.com,Female,138.162.71.59
80,Marijn,Attridge,dkeneforde27,mattridge27@nytimes.com,Male,242.110.108.185
81,Willy,Cuthbertson,vvondra28,wcuthbertson28@admin.ch,Female,9.176.53.75
82,Erl,Lineker,akohneke29,elineker29@sohu.com,Male,201.61.202.232
83,Reine,Benit,dnissle2a,rbenit2a@phoca.cz,Female,13.79.240.182
84,Ealasaid,Malpass,bbarling2b,emalpass2b@imageshack.us,Bigender,163.165.4.106
85,Sutton,Jeffcoate,climbert2c,sjeffcoate2c@ameblo.jp,Male,170.222.172.7
86,Beverley,McKinnon,shuglin2d,bmckinnon2d@eventbrite.com,Female,170.38.220.176
87,Valle,Castanos,vjirzik2e,vcastanos2e@amazonaws.com,Male,233.16.95.48
88,Vally,Crowhurst,ascain2f,vcrowhurst2f@privacy.gov.au,Female,4.214.213.236
89,Gardener,Doumerque,gcarle2g,gdoumerque2g@infoseek.co.jp,Male,50.103.223.142
90,Gertrudis,Caroline,vdanelutti2h,gcaroline2h@nhs.uk,Female,210.110.214.106
91,Mandi,Hissie,areven2i,mhissie2i@hugedomains.com,Genderqueer,251.149.170.159
92,Shalom,Stilgo,ablayney2j,sstilgo2j@sun.com,Male,171.14.148.175
93,Loreen,Byrcher,cbaudouin2k,lbyrcher2k@tamu.edu,Female,56.232.123.234
94,Shepherd,MacBey,dsqueers2l,smacbey2l@unblog.fr,Male,237.20.201.87
95,Marcelline,Weekes,baudiss2m,mweekes2m@ameblo.jp,Female,183.239.138.179
96,Connor,Fearns,rdickenson2n,cfearns2n@google.de,Male,137.234.41.223
97,Kattie,Arnhold,aandres2o,karnhold2o@simplemachines.org,Bigender,57.60.187.52
98,Matthew,Fidian,abrockie2p,mfidian2p@weebly.com,Male,249.92.42.246
GR007,Gery,Royston,sbox2q,groyston2q@opera.com,Male,35.136.10.54
MR007,Muffin,Restall,mtreske2r,mrestall2r@ifeng.com,Male,210.0.152.59
